Lamp Name,Price,Link
Лампа настольная Garda Decor Silver coral K2BT-1004,30 200 р,https://svetilnik-online.ru/lampa-nastolnaja-garda-decor-silver-coral-k2bt-1004
Лампа настольная Lightstar Alfa 745950,8 204 р,https://svetilnik-online.ru/lampa-nastolnaja-lightstar-alfa-745950
Лампа настольная Escada Denver 1109/2,5 370 р,https://svetilnik-online.ru/lampa-nastolnaja-escada-denver-1109-2
Лампа настольная Freya Etro FR6141TL-L7B,9 190 р,https://svetilnik-online.ru/lampa-nastolnaja-freya-etro-fr6141tl-l7b
Лампа настольная Loft It Amalfi 10264T/S,28 820 р,https://svetilnik-online.ru/lampa-nastolnaja-loft-it-amalfi-10264t-s
Лампа настольная Viokef Fancy 4208801,"
7 490 р
",https://svetilnik-online.ru/lampa-nastolnaja-viokef-fancy-4208801
Лампа настольная Delight Collection Crystal Table Lamp BRTL3115M,37 390 р,https://svetilnik-online.ru/lampa-nastolnaja-delight-collection-crystal-table-lamp-brtl3115m
Лампа настольная Loft It Macaroon 10271T/A,14 410 р,https://svetilnik-online.ru/lampa-nastolnaja-loft-it-macaroon-10271t-a
Лампа настольная Garda Decor Бамбук K2KM0901BR,36 800 р,https://svetilnik-online.ru/lampa-nastolnaja-garda-decor-bambuk-k2km0901br
Лампа настольная Arte Naos A5043LT-1BK,14 990 р,https://svetilnik-online.ru/lampa-nastolnaja-arte-naos-a5043lt-1bk
Лампа настольная Crystal Lux SANTA LG1 BLACK,8 300 р,https://svetilnik-online.ru/lampa-nastolnaja-crystal-lux-santa-lg1-black
Лампа настольная Escada Legacy 2119/2 Chrome,9 210 р,https://svetilnik-online.ru/lampa-nastolnaja-escada-legacy-2119-2-chrome
Лампа настольная Mantra Lua Chocolate 3688,27 700 р,https://svetilnik-online.ru/lampa-nastolnaja-mantra-lua-chocolate-3688
Лампа настольная Maytoni Pattern MOD267TL-L28G3K,24 190 р,https://svetilnik-online.ru/lampa-nastolnaja-maytoni-pattern-mod267tl-l28g3k
Лампа настольная Loft It Zenith 10210T White,19 080 р,https://svetilnik-online.ru/lampa-nastolnaja-loft-it-zenith-10210t-white
Лампа настольная Garda Decor 22-88017,20 200 р,https://svetilnik-online.ru/lampa-nastolnaja-garda-decor-22-88017
Лампа настольная Garda Decor Рекамье ART-4441-LM1,40 800 р,https://svetilnik-online.ru/lampa-nastolnaja-garda-decor-rekam-e-art-4441-lm1
Лампа настольная ST-Luce Jackie SL1354.604.01,6 900 р,https://svetilnik-online.ru/lampa-nastolnaja-st-luce-jackie-sl1354-604-01
Лампа настольная Indigo Corsetto 12003/1T Chrome V000080,12 590 р,https://svetilnik-online.ru/lampa-nastolnaja-indigo-corsetto-12003-1t-chrome-v000080
Лампа настольная Favourite Brandy 4258-1T,18 900 р,https://svetilnik-online.ru/lampa-nastolnaja-favourite-brandy-4258-1t
Лампа настольная Viokef Fancy 4208800,"
6 990 р
",https://svetilnik-online.ru/lampa-nastolnaja-viokef-fancy-4208800
Лампа настольная Moderli Room V10626-1T,"
2 090 р
",https://svetilnik-online.ru/lampa-nastolnaja-moderli-room-v10626-1t
Лампа настольная Loft It Сrystal 10276,8 140 р,https://svetilnik-online.ru/lampa-nastolnaja-loft-it-srystal-10276
Лампа настольная Lumion Shivon 6519/1T,"
1 990 р
",https://svetilnik-online.ru/lampa-nastolnaja-lumion-shivon-6519-1t
Лампа настольная Crystal Lux SANTA LG1 WHITE,8 300 р,https://svetilnik-online.ru/lampa-nastolnaja-crystal-lux-santa-lg1-white
Лампа настольная Maytoni Rueca P060TL-L12BK,15 290 р,https://svetilnik-online.ru/lampa-nastolnaja-maytoni-rueca-p060tl-l12bk
Лампа настольная Escada Rustic 10196/L,6 870 р,https://svetilnik-online.ru/lampa-nastolnaja-escada-rustic-10196-l
Лампа настольная Omnilux Caprioli OML-19704-01,4 380 р,https://svetilnik-online.ru/lampa-nastolnaja-omnilux-caprioli-oml-19704-01
Лампа настольная Maytoni Eclipse MOD152TL-L1BK,19 590 р,https://svetilnik-online.ru/lampa-nastolnaja-maytoni-eclipse-mod152tl-l1bk
Лампа настольная Delight Collection Table Lamp ZKT28,34 720 р,https://svetilnik-online.ru/lampa-nastolnaja-delight-collection-table-lamp-zkt28
Лампа настольная ST-Luce Amara SL6115.304.01,16 500 р,https://svetilnik-online.ru/lampa-nastolnaja-st-luce-amara-sl6115-304-01
Лампа настольная Maytoni Amulet MOD555TL-L9CH4K,24 390 р,https://svetilnik-online.ru/lampa-nastolnaja-maytoni-amulet-mod555tl-l9ch4k
Лампа настольная Maytoni Nostalgia MOD048TL-01G,6 460 р,https://svetilnik-online.ru/lampa-nastolnaja-maytoni-nostalgia-mod048tl-01g
Лампа настольная Mantra Paola Pan Oro 3545,19 131 р,https://svetilnik-online.ru/lampa-nastolnaja-mantra-paola-pan-oro-3545
Лампа настольная Arte Marriot A5039TL-1CC,4 990 р,https://svetilnik-online.ru/lampa-nastolnaja-arte-marriot-a5039tl-1cc
Лампа настольная Loft it Brothers 10233/A Gold,6 910 р,https://svetilnik-online.ru/lampa-nastolnaja-loft-it-brothers-10233-a-gold
Лампа настольная Moderli Gela V10632-1T,"
4 190 р
",https://svetilnik-online.ru/lampa-nastolnaja-moderli-gela-v10632-1t
Лампа настольная Omnilux Banari OML-16314-01,7 040 р,https://svetilnik-online.ru/lampa-nastolnaja-omnilux-banari-oml-16314-01
Лампа настольная Delight Collection Donati Las Palmas 771438,61 420 р,https://svetilnik-online.ru/lampa-nastolnaja-delight-collection-donati-las-palmas-771438
Лампа настольная Mantra Relax 7930,11 881 р,https://svetilnik-online.ru/lampa-nastolnaja-mantra-relax-7930
